{
  "formatVersion": 1,
  "database": {
    "version": 2,
    "identityHash": "e03cc1ec17d5e6a40608d2c9d64bc0d9",
    "entities": [
      {
        "tableName": "favorite_user",
        "createSql": "CREATE TABLE IF NOT EXISTS `${TABLE_NAME}` (`id` INTEGER NOT NULL, `login` TEXT, `avatar_url` TEXT, `url` TEXT, PRIMARY KEY(`id`))",
        "fields": [
          {
            "fieldPath": "id",
            "columnName": "id",
            "affinity": "INTEGER",
            "notNull": true
          },
          {
            "fieldPath": "login",
            "columnName": "login",
            "affinity": "TEXT",
            "notNull": false
          },
          {
            "fieldPath": "avatar_url",
            "columnName": "avatar_url",
            "affinity": "TEXT",
            "notNull": false
          },
          {
            "fieldPath": "url",
            "columnName": "url",
            "affinity": "TEXT",
            "notNull": false
          }
        ],
        "primaryKey": {
          "autoGenerate": false,
          "columnNames": [
            "id"
          ]
        },
        "indices": [],
        "foreignKeys": []
      }
    ],
    "views": [],
    "setupQueries": [
      "CREATE TABLE IF NOT EXISTS room_master_table (id INTEGER PRIMARY KEY,identity_hash TEXT)",
      "INSERT OR REPLACE INTO room_master_table (id,identity_hash) VALUES(42, 'e03cc1ec17d5e6a40608d2c9d64bc0d9')"
    ]
  }
}